timestamp,acc_X,acc_Y,acc_Z
1742846635.784361,-0.18920654296875,0.46702880859375,8.490344238281251
1742846635.8724854,-0.28740234375,0.91729248046875,8.2244970703125
1742846635.9174597,0.0718505859375,0.4454736328125,7.661667480468751
1742846635.917578,0.0814306640625,-0.00239501953125,7.3814501953125005
1742846635.9193528,-0.910107421875,0.8574169921875,9.3262060546875
1742846635.919413,-0.3113525390625,0.48379394531250003,8.63883544921875
1742846635.962494,0.45026367187500005,0.28500732421875,8.025710449218751
1742846635.962589,0.296982421875,-0.011975097656250001,8.286767578125
1742846635.9643643,-0.10777587890625001,0.42391845703125003,9.1585546875
1742846636.0075064,-0.58198974609375,0.03113525390625,8.41130859375
1742846636.007595,-0.4742138671875,0.30895751953125,8.18138671875
1742846636.009386,-0.95561279296875,0.75922119140625,8.22210205078125
1742846636.0524838,-0.35685791015625,0.28500732421875,7.2185888671875
1742846636.052598,-0.229921875,0.37601806640625,7.73830810546875
1742846636.0543134,-0.354462890625,0.71611083984375,8.52866455078125
1742846636.1424408,0.25147705078125,0.06466552734375,9.00287841796875
1742846636.142553,0.055085449218750006,0.62031005859375,9.65911376953125
1742846636.1874645,0.0431103515625,1.0873388671875,9.51062255859375
1742846636.1875722,-0.852626953125,0.42152343750000004,8.1191162109375
1742846636.189366,-1.140029296875,0.55564453125,8.8759423828125
1742846636.1894264,-0.699345703125,0.64905029296875,9.00287841796875
1742846636.2325122,-0.31374755859375003,0.9436376953125001,9.912985839843751
1742846636.2326303,0.023950195312500002,1.0681787109375,9.522597656250001
1742846636.234383,0.24908203125,0.3400927734375,8.849597167968751
1742846636.2775126,-0.16046630859375,0.43349853515625003,8.27000244140625
1742846636.2776277,-0.22034179687500002,0.09340576171875001,8.183781738281251
1742846636.2793863,-0.01676513671875,0.10059082031250001,7.6975927734375
1742846636.3675203,-0.20118164062500002,0.871787109375,8.171806640625
1742846636.3676128,0.0047900390625,0.8406518554687501,7.975415039062501
1742846636.369401,-0.34248779296875004,0.3975732421875,7.90595947265625
1742846636.36946,-1.0011181640625,0.63228515625,8.8376220703125
1742846636.5024452,0.32811767578125,0.47900390625,8.782536621093751
1742846636.5025456,0.59635986328125,0.44068359375000005,8.1191162109375
1742846636.5043118,0.8190966796875,0.81191162109375,8.0520556640625
1742846636.5043616,0.354462890625,0.3305126953125,7.2090087890625005
1742846636.5474918,0.5029541015625,0.6466552734375001,8.344248046875
1742846636.5475993,1.07296875,0.775986328125,7.57065673828125
1742846636.5494013,0.8382568359375,0.641865234375,6.945556640625
1742846636.5924325,0.5029541015625,-0.25626708984375,6.2605810546875
1742846636.5925517,-0.7280859375000001,-0.009580078125,7.82452880859375
1742846636.5943124,-1.3747412109375001,0.41433837890625,9.3549462890625
1742846636.6375134,-1.599873046875,0.795146484375,11.27814697265625
1742846636.6376188,-1.2645703125,1.7555493164062501,11.05301513671875
1742846636.6825216,-0.31374755859375003,1.73638916015625,9.874665527343751
1742846636.6826136,0.77359130859375,0.8837622070312501,5.99473388671875
1742846636.7275102,0.7903564453125,0.6466552734375001,5.5564453125
1742846636.7725115,0.9723779296875,-1.16637451171875,4.8523095703125
1742846636.7726152,-1.28373046875,0.15567626953125,10.25307861328125
1742846636.7743664,-1.4609619140625,0.0335302734375,11.558364257812501
1742846636.7744386,-0.31853759765625,1.916015625,10.0638720703125
1742846636.817461,0.54366943359375,-0.07903564453125,5.355263671875
1742846636.8175678,0.26105712890625,-1.44419677734375,5.80792236328125
1742846636.819314,0.009580078125,-0.16525634765625,7.9802050781250005
1742846636.8624218,-1.3531860351562501,-0.28500732421875,12.27926513671875
1742846636.8625376,-0.95561279296875,0.45984375,11.86013671875
1742846636.864344,-1.1352392578125001,0.9268725585937501,11.563154296875
1742846636.907419,1.04662353515625,0.8837622070312501,5.154082031250001
1742846636.9075286,0.85502197265625,0.64905029296875,4.61759765625
1742846636.909354,0.7328759765625,1.1543994140625,4.93613525390625
1742846636.9524267,-0.5221142578125,-1.11847412109375,7.7742333984375005
1742846637.0424407,-1.00351318359375,0.40236328125000004,10.533295898437501
1742846637.042557,-1.56394775390625,0.36404296875000003,11.955937500000001
1742846637.0874887,-0.3975732421875,1.43701171875,10.5811962890625
1742846637.0876005,-0.5125341796875,1.6310083007812501,9.82676513671875
1742846637.0893486,-1.504072265625,0.69695068359375,11.7212255859375
1742846637.0894203,-1.67890869140625,0.37362304687500003,11.6876953125
1742846637.2674618,-0.19160156250000002,1.8106347656250001,8.62925537109375
1742846637.3574557,0.5748046875,1.1256591796875,6.744375000000001
1742846637.3575668,1.1879296875,0.75443115234375,5.580395507812501
1742846637.3593535,-0.01676513671875,-0.910107421875,6.71323974609375
1742846637.3594234,0.10538085937500001,-0.20836669921875,7.9203295898437505
1742846637.447426,0.35685791015625,0.10538085937500001,6.95274169921875
1742846637.447529,0.17244140625,-0.9460327148437501,6.86173095703125
1742846637.4493074,0.14130615234375002,-1.88009033203125,6.4138623046875
1742846637.4493604,-2.02379150390625,0.50055908203125,10.973979492187501
1742846637.4924588,0.67779052734375,1.7004638671875,8.056845703125001
1742846637.492556,1.3939013671875,0.7424560546875001,6.504873046875001
1742846637.5374248,0.8454418945312501,-0.30895751953125,6.1360400390625
1742846637.5375357,0.31374755859375003,-1.657353515625,6.09532470703125
1742846637.5824268,-0.49337402343750003,-0.5245092773437501,7.829318847656251
1742846637.5825427,-1.542392578125,0.93884765625,10.241103515625001
1742846637.5843155,-0.70174072265625,1.1639794921875,10.00399658203125
1742846637.6274614,-0.28021728515625,2.31119384765625,10.0782421875
1742846637.6275733,1.12326416015625,0.13651611328125002,6.006708984375
1742846637.6293657,0.12214599609375,-0.59635986328125,6.79946044921875
1742846637.6294339,-0.11735595703125,-1.4897021484375002,6.79946044921875
1742846637.7624757,-1.8729052734375,0.25626708984375,10.7632177734375
1742846637.762597,-1.9639160156250002,0.7831713867187501,11.4146630859375
1742846637.7643633,-1.1160791015625,1.2214599609375,10.74884765625
1742846637.7644117,-0.050295410156250005,-1.80823974609375,6.773115234375
1742846637.8075051,-1.1448193359375,1.21906494140625,10.5380859375
1742846637.8524528,-0.6825805664062501,2.09564208984375,9.82676513671875
1742846637.8525667,-0.43110351562500004,1.9854711914062502,9.036408691406251
1742846637.854366,1.02267333984375,0.5508544921875,5.6761962890625
1742846637.8544366,0.3879931640625,0.01676513671875,6.3970971679687505
1742846637.8974059,-1.06578369140625,0.050295410156250005,10.391989746093751
1742846637.897519,-1.6142431640625001,0.6514453125,11.579919433593751
1742846637.8993754,-1.6429833984375002,0.07424560546875,10.959609375000001
1742846637.9874747,-0.5269042968750001,2.50758544921875,9.096284179687501
1742846637.9875772,0.10777587890625001,1.8872753906250002,7.3814501953125005
1742846637.9893477,1.28133544921875,1.1136840820312501,5.79355224609375
1742846637.9894075,-0.20357666015625,-0.05748046875,8.018525390625001
1742846638.0774484,-1.49209716796875,0.55803955078125,11.1751611328125
1742846638.0775502,-0.8861572265625001,0.18920654296875,9.6998291015625
1742846638.0793328,-0.5508544921875,1.05620361328125,8.842412109375001
1742846638.122463,-0.03113525390625,-2.14354248046875,7.922724609375001
1742846638.1674974,-0.56282958984375,-0.5700146484375,9.501042480468751
1742846638.1675959,-1.6094531250000002,0.45744873046875,11.74278076171875
1742846638.169373,-0.15567626953125,1.23822509765625,8.97413818359375
1742846638.1694355,-0.34248779296875004,2.1124072265625,9.10107421875
1742846638.2575097,0.7520361328125,-0.124541015625,5.60195068359375
1742846638.2576108,0.1149609375,0.40475830078125,7.144343261718751
1742846638.2593865,-0.46223876953125004,-1.0538085937500001,7.7071728515625
1742846638.2594514,-1.3699511718750002,0.5652246093750001,11.12965576171875
1742846638.3025177,-0.22034179687500002,2.2656884765625,8.9286328125
1742846638.3026114,0.63947021484375,2.29921875,7.27367431640625
1742846638.3043418,1.4034814453125,1.0346484375,5.0726513671875
1742846638.3925223,-0.34727783203125,-0.65384033203125,6.844965820312501
1742846638.3926196,-0.37122802734375004,-1.84656005859375,6.9359765625000005
1742846638.394293,-0.6658154296875001,-1.0538085937500001,8.689130859375
1742846638.3943512,-1.42024658203125,1.06578369140625,12.02060302734375
1742846638.4375236,1.37713623046875,0.76880126953125,4.69184326171875
1742846638.4376237,1.0753637695312501,-0.5843847656250001,4.09787841796875
1742846638.4394395,-0.06466552734375,-1.35797607421875,5.06546630859375
1742846638.5274606,-1.1352392578125001,-0.4071533203125,9.553732910156251
1742846638.5724964,-1.7292041015625002,0.050295410156250005,11.596684570312501
1742846638.5725844,-1.77470947265625,0.9005273437500001,12.63372802734375
1742846638.574333,0.4454736328125,-1.619033203125,4.5601171875
1742846638.574399,-0.24189697265625001,-1.197509765625,6.28213623046875
1742846638.6175253,-1.64058837890625,0.45984375,12.07329345703125
1742846638.6176143,-1.2310400390625,1.9351757812500001,12.22178466796875
1742846638.6193957,-0.49097900390625004,2.596201171875,11.349997558593751
1742846638.6624908,1.4034814453125,0.93166259765625,5.03193603515625
1742846638.662583,1.04183349609375,0.87418212890625,5.2163525390625
1742846638.752466,0.5269042968750001,-0.99872314453125,4.667893066406251
1742846638.752565,-1.60226806640625,0.01676513671875,9.881850585937501
1742846638.7543552,-2.1603076171875,-0.009580078125,11.7403857421875
1742846638.754421,-1.7842895507812502,-0.01916015625,11.69009033203125
1742846638.8425176,0.37601806640625,-0.7640112304687501,5.7719970703125005
1742846638.8426085,0.055085449218750006,-2.069296875,5.9635986328125
1742846638.8443956,-0.7328759765625,-0.775986328125,8.53824462890625
1742846638.8444583,-1.7028588867187502,-0.38080810546875005,11.4817236328125
1742846638.8874664,1.7076489257812502,1.20948486328125,4.914580078125001
1742846638.8875656,1.18074462890625,0.64905029296875,4.9576904296875
1742846638.8893726,0.25626708984375,0.680185546875,6.2797412109375
1742846638.9324758,-1.05141357421875,-1.0490185546875002,9.410031738281251
1742846638.9325776,-1.9806811523437502,0.09819580078125001,11.5392041015625
1742846638.9343567,-2.2465283203125,0.01676513671875,12.10682373046875
1742846638.977489,0.27063720703125,2.136357421875,8.70110595703125
1742846638.9775863,0.45744873046875,2.4093896484375,7.601791992187501
1742846638.9793534,1.1687695312500002,2.0453466796875,5.97078369140625
1742846639.022482,-0.14609619140625002,0.229921875,6.95513671875
1742846639.0225825,-0.613125,-0.5460644531250001,8.114326171875
1742846639.0242796,-0.6634204101562501,-1.3316308593750001,8.76337646484375
1742846639.0674608,-1.9351757812500001,0.0383203125,12.125983886718751
1742846639.0675611,-1.04662353515625,0.641865234375,10.90452392578125
1742846639.0693333,-0.26584716796875,1.1064990234375,9.1585546875
1742846639.112493,1.1160791015625,2.09564208984375,5.685776367187501
1742846639.1574636,1.1735595703125001,1.33402587890625,5.22832763671875
1742846639.157568,0.7855664062500001,0.3975732421875,5.594765625
1742846639.159354,-1.044228515625,-1.1472143554687502,10.032736816406251
1742846639.1594172,-1.3555810546875,-0.8454418945312501,10.99553466796875
1742846639.2025232,-0.07424560546875,1.580712890625,8.789721679687501
1742846639.247531,0.47900390625,1.7076489257812502,7.017407226562501
1742846639.2476275,0.87897216796875,1.81781982421875,5.910908203125
1742846639.2493906,0.43828857421875,0.28500732421875,5.865402832031251
1742846639.2494652,-0.086220703125,-0.54366943359375,7.36468505859375
1742846639.2925386,-1.65495849609375,-0.46223876953125004,11.71883056640625
1742846639.2926452,-1.43940673828125,0.22034179687500002,11.45537841796875
1742846639.2944233,-1.0106982421875002,0.9220825195312501,10.339299316406251
1742846639.3375375,0.9843530273437501,1.9399658203125,5.760021972656251
1742846639.3376415,1.1472143554687502,1.7196240234375,5.221142578125
1742846639.3393908,1.0538085937500001,1.235830078125,5.2115625
1742846639.4275453,-0.8023315429687501,-1.1543994140625,9.0052734375
1742846639.427638,-1.1567944335937501,-0.59396484375,10.57640625
1742846639.4294002,-1.45856689453125,-0.44068359375000005,11.829001464843751
1742846639.4294682,-0.58198974609375,1.22625,10.241103515625001
1742846639.4735575,0.89813232421875,0.69695068359375,5.206772460937501
1742846639.4736505,0.41194335937500004,0.2347119140625,6.02826416015625
1742846639.4736946,-0.0383203125,-0.62989013671875,7.0892578125000005
1742846639.517448,-1.62861328125,0.067060546875,11.776311035156251
1742846639.517553,-1.74357421875,-0.14609619140625002,12.111613769531251
1742846639.5193417,-1.24301513671875,0.15088623046875002,11.1655810546875
1742846639.562465,0.277822265625,1.7579443359375,7.54670654296875
1742846639.562565,0.91250244140625,1.6956738281250001,5.78876220703125
1742846639.5643806,1.4561718750000001,1.47533203125,4.6511279296875
1742846639.607487,-0.20357666015625,-0.6753955078125,7.1515283203125
1742846639.653455,-0.61072998046875,-0.737666015625,8.3490380859375
1742846639.697466,-1.2789404296875,-0.4358935546875,10.47821044921875
1742846639.6975796,-0.9867480468750001,0.77359130859375,11.28772705078125
1742846639.6993217,-0.4454736328125,1.0753637695312501,10.31055908203125
1742846639.6993964,1.36276611328125,0.6849755859375001,4.6942382812500005
1742846639.7424548,-1.64058837890625,0.01916015625,11.100915527343751
1742846639.7425625,-2.02379150390625,-0.27063720703125,11.80984130859375
1742846639.7443256,-1.5567626953125,0.08382568359375,11.74757080078125
1742846639.787435,0.3065625,1.2885205078125002,8.28437255859375
1742846639.83244,1.12326416015625,1.4130615234375001,6.624624023437501
1742846639.8325474,1.5567626953125,1.5328125000000001,5.33849853515625
1742846639.8774266,0.10538085937500001,-0.22273681640625,6.2222607421875
1742846639.8775413,-0.85023193359375,0.055085449218750006,8.24126220703125
1742846639.967482,-1.4346166992187501,0.71132080078125,11.611054687500001
1742846639.967578,-0.641865234375,1.4298266601562502,10.6578369140625
1742846639.969351,1.2933105468750001,1.3867163085937502,5.4845947265625
1742846639.9694188,1.2669653320312502,0.10298583984375001,5.05828125
1742846640.0134678,0.7807763671875,0.7855664062500001,7.070097656250001
1742846640.0135984,1.4298266601562502,0.62989013671875,5.2259326171875005
1742846640.0136466,1.2597802734375,1.30528564453125,5.34807861328125
1742846640.0574665,0.469423828125,-0.17244140625,6.55995849609375
1742846640.0575697,-1.0873388671875,0.4358935546875,9.886640625
1742846640.059328,-2.3734643554687502,0.33769775390625,11.98707275390625
1742846640.102447,-1.40587646484375,0.23710693359375,11.22545654296875
1742846640.1025567,-0.59635986328125,1.57831787109375,10.075847167968751
1742846640.105325,0.57719970703125,1.6357983398437501,7.54670654296875
1742846640.1924696,1.16637451171875,1.561552734375,4.88344482421875
1742846640.1925673,0.8430468750000001,0.55324951171875,5.12294677734375
1742846640.1943479,0.4742138671875,-0.6634204101562501,6.198310546875001
1742846640.1944141,-2.1938378906250002,0.24668701171875002,13.23248291015625
1742846640.2374487,0.79754150390625,0.890947265625,5.72170166015625
1742846640.237562,1.56873779296875,0.5700146484375,3.5949243164062503
1742846640.2393663,1.3412109375,0.948427734375,3.7937109375
1742846640.2825027,0.23710693359375,0.09340576171875001,7.668852539062501
1742846640.282601,-0.9723779296875,0.3065625,10.7823779296875
1742846640.2844212,-1.96631103515625,0.5795947265625,13.105546875
1742846640.3274722,-1.2406201171875,-0.06945556640625,11.26377685546875
1742846640.3275754,-0.51492919921875,0.9915380859375,9.30944091796875
1742846640.3294382,0.29219238281250004,1.1160791015625,6.804250488281251
1742846640.3724604,1.312470703125,1.3076806640625,3.76257568359375
1742846640.3725667,0.814306640625,0.8238867187500001,4.895419921875
1742846640.37435,0.48379394531250003,0.17244140625,6.5503784179687505
1742846640.4174213,-1.9734960937500001,0.29219238281250004,13.479169921875
1742846640.4175265,-2.05253173828125,-0.36404296875000003,13.3115185546875
1742846640.462514,-1.5471826171875,-0.14609619140625002,12.216994628906251
1742846640.4626038,0.8023315429687501,0.73527099609375,5.486989746093751
1742846640.4643478,1.302890625,0.6466552734375001,3.82005615234375
1742846640.464423,1.2022998046875,0.9580078125,3.65719482421875
1742846640.5074828,-0.02155517578125,0.1149609375,7.709567871093751
1742846640.5524178,-1.0011181640625,0.5221142578125,10.60275146484375
1742846640.5525308,-1.7627343750000002,0.680185546875,12.96903076171875
1742846640.5543263,-1.09452392578125,0.0335302734375,11.5008837890625
1742846640.597415,-0.45984375,0.8669970703125001,9.857900390625
1742846640.5975246,1.0154882812500001,1.2070898437500002,4.428391113281251
1742846640.5993142,0.56282958984375,0.8382568359375,5.18521728515625
1742846640.5993602,0.38559814453125,-0.09580078125000001,6.344406738281251
1742846640.6424537,-1.9902612304687501,0.53408935546875,13.0049560546875
1742846640.6425557,-1.72680908203125,-0.1484912109375,12.69120849609375
1742846640.6874728,-0.9867480468750001,-0.045505371093750004,11.66135009765625
1742846640.6875756,0.6849755859375001,0.7855664062500001,6.1935205078125
1742846640.6893978,0.9915380859375,0.17962646484375,4.65352294921875
1742846640.6894703,0.9005273437500001,0.48618896484375,4.4834765625
1742846640.7324584,-0.045505371093750004,0.050295410156250005,7.5946069335937505
1742846640.7774405,-0.70892578125,0.86939208984375,10.126142578125
1742846640.7775557,-1.542392578125,0.87418212890625,11.872111816406251
1742846640.7793458,-0.88855224609375,0.7640112304687501,10.71771240234375
1742846640.7794037,-0.335302734375,1.05141357421875,9.275910644531251
1742846640.8224409,0.7065307617187501,0.6370751953125,5.87498291015625
1742846640.8225534,0.6873706054687501,-0.21794677734375,5.90372314453125
1742846640.8243573,0.5676196289062501,-0.33769775390625,7.01501220703125
1742846640.8674111,-1.65495849609375,0.48379394531250003,11.80026123046875
1742846640.8675241,-1.43701171875,0.17962646484375,11.14402587890625
1742846640.869314,-1.21427490234375,0.50055908203125,10.61712158203125
1742846640.912459,0.6753955078125,0.45984375,6.0402392578125
1742846640.912565,0.7711962890625,-0.10538085937500001,5.326523437500001
1742846640.9143734,0.5460644531250001,0.5676196289062501,5.987548828125
1742846640.9574106,0.3784130859375,-0.3688330078125,7.8077636718750005
1742846640.957508,-0.737666015625,1.044228515625,10.339299316406251
1742846640.959285,-1.6334033203125,1.1088940429687502,11.65177001953125
1742846641.0034504,-0.98914306640625,1.01788330078125,9.73575439453125
1742846641.0474596,-0.5125341796875,1.69806884765625,8.842412109375001
1742846641.0475593,0.29219238281250004,1.2597802734375,6.96711181640625
1742846641.1374416,0.4167333984375,0.6945556640625,6.4809228515625
1742846641.2274523,0.34727783203125,-0.10777587890625001,6.92879150390625
1742846641.2275543,-1.8753002929687501,0.929267578125,12.358300781250001
1742846641.2292974,-1.45856689453125,0.21555175781250002,11.22545654296875
1742846641.2293556,0.21555175781250002,-1.0538085937500001,7.901169433593751
1742846641.2724133,0.7232958984375001,0.028740234375,5.1588720703125
1742846641.2725136,0.30416748046875003,-0.39517822265625,6.1911254882812505
1742846641.2743351,0.33290771484375004,-0.9340576171875,6.8737060546875
1742846641.317451,-2.0980371093750003,1.044228515625,13.234877929687501
1742846641.3175502,-1.82021484375,0.5700146484375,12.748688964843751
1742846641.3192954,-1.0705737304687502,0.8861572265625001,11.529624023437501
1742846641.3624382,0.7855664062500001,1.0298583984375,5.815107421875
1742846641.3625317,1.2118798828125001,0.12693603515625002,3.9230419921875
1742846641.3652961,1.02267333984375,-0.13172607421875002,3.90627685546875
1742846641.4094472,-0.17483642578125,-0.38559814453125,8.0089453125
1742846641.409544,-1.08973388671875,0.7879614257812501,11.117680664062501
1742846641.497454,-1.89446044921875,0.9604028320312501,13.093571777343751
1742846641.4975517,-0.91729248046875,1.60226806640625,11.603869628906251
1742846641.4993305,-0.17244140625,1.9255957031250002,9.66390380859375
1742846641.4993958,0.8574169921875,-0.4071533203125,3.84879638671875
1742846641.5424259,-2.0477416992187503,0.613125,13.24685302734375
1742846641.5425317,-1.6908837890625001,0.48618896484375,12.96903076171875
1742846641.5874217,-1.2645703125,1.3483959960937502,12.4588916015625
1742846641.5875194,1.2717553710937501,0.17962646484375,4.79722412109375
1742846641.5893674,1.1448193359375,-0.0335302734375,3.82005615234375
1742846641.589429,0.8574169921875,0.229921875,4.07392822265625
1742846641.6324732,-0.45744873046875,0.45026367187500005,8.691525878906251
1742846641.6774504,-1.8010546875000002,1.0681787109375,11.888876953125001
1742846641.6775403,-2.27287353515625,0.39038818359375,13.27080322265625
1742846641.6793787,-0.8765771484375,2.04295166015625,11.47932861328125
1742846641.6794353,0.23710693359375,1.8537451171875001,8.92144775390625
1742846641.7224557,0.718505859375,-0.33769775390625,4.68226318359375
1742846641.8124948,0.69216064453125,-1.561552734375,4.8666796875000005
1742846641.8125906,0.16525634765625,-0.55324951171875,7.489226074218751
1742846641.814416,-1.9112255859375,0.19639160156250002,12.794194335937501
1742846641.8144832,-1.37713623046875,0.3496728515625,11.879296875000001
1742846641.8574753,-0.3784130859375,0.045505371093750004,9.66869384765625
1742846641.902447,-1.8920654296875001,0.9029223632812501,12.5355322265625
1742846641.9025552,-2.29921875,0.4358935546875,13.09836181640625
1742846641.947479,-0.6466552734375001,1.7771044921875,9.501042480468751
1742846641.9475875,0.10298583984375001,2.1219873046875,7.57065673828125
1742846641.9494014,0.26584716796875,0.71132080078125,6.86652099609375
1742846641.9924507,-2.1028271484375,0.20357666015625,12.7462939453125
1742846641.9925535,-1.235830078125,0.04071533203125,10.7823779296875
1742846642.0374446,-0.39517822265625,1.00830322265625,9.163344726562501
1742846642.127499,1.31965576171875,1.21427490234375,4.3613305664062505
1742846642.1275973,1.4944921875000001,0.39278320312500004,3.9014868164062504
1742846642.1294057,0.680185546875,0.37601806640625,5.66422119140625
1742846642.129469,-0.63947021484375,-1.17116455078125,10.00399658203125
1742846642.1724784,0.42391845703125003,0.009580078125,5.97557373046875
1742846642.2174416,-0.335302734375,-0.53887939453125,7.982600097656251
1742846642.2175546,-0.62031005859375,-1.08494384765625,9.26633056640625
1742846642.219361,-1.76033935546875,0.1389111328125,12.712763671875
1742846642.2624876,0.871787109375,1.5088623046875,5.11815673828125
1742846642.2625895,1.1879296875,1.1831396484375,4.45713134765625
1742846642.3074799,0.9460327148437501,0.32572265625,4.991220703125
1742846642.307581,-0.8023315429687501,-0.49097900390625004,9.819580078125
1742846642.309347,-1.25738525390625,-0.02155517578125,11.491303710937501
1742846642.3094144,-1.7028588867187502,0.052690429687500005,12.2672900390625
1742846642.352485,-0.354462890625,1.76991943359375,9.58726318359375
1742846642.3525739,0.023950195312500002,1.5831079101562502,7.75267822265625
1742846642.3543997,0.8238867187500001,1.350791015625,6.078559570312501
1742846642.3974948,0.5867797851562501,-0.3448828125,5.460644531250001
1742846642.3975866,0.277822265625,-1.10410400390625,6.152805175781251
1742846642.3993955,-0.15328125,-0.7711962890625,7.95146484375
1742846642.4424596,-1.7579443359375,0.21794677734375,12.08766357421875
1742846642.4425623,-1.274150390625,0.49337402343750003,11.536809082031251
1742846642.4443195,-0.7831713867187501,1.45856689453125,10.63388671875
1742846642.487484,0.9220825195312501,0.9244775390625001,5.7049365234375005
1742846642.4875789,1.29570556640625,0.77359130859375,4.9002099609375005
1742846642.4893906,0.8478369140625001,0.37362304687500003,5.26185791015625
1742846642.532471,-0.5748046875,0.07424560546875,8.92144775390625
1742846642.5325787,-1.5855029296875,0.3448828125,11.28533203125
1742846642.5344205,-2.1315673828125,0.18202148437500001,12.209809570312501
1742846642.5774703,-0.6251000976562501,1.52083740234375,10.4183349609375
1742846642.6224852,-0.067060546875,1.599873046875,8.612490234375
1742846642.6225784,0.910107421875,1.2765454101562501,6.5168481445312505
1742846642.6244025,0.9029223632812501,-0.39996826171875,5.273833007812501
1742846642.6244655,0.5508544921875,-1.12805419921875,5.68817138671875
1742846642.667487,-2.03337158203125,0.050295410156250005,11.8840869140625
1742846642.667588,-1.48251708984375,0.5987548828125,11.460168457031251
1742846642.6694322,-0.83586181640625,1.6334033203125,10.7919580078125
1742846642.7125096,1.36755615234375,0.6562353515625,5.41034912109375
1742846642.7574573,1.5280224609375002,0.70892578125,4.79243408203125
1742846642.7575629,0.98914306640625,-0.20597167968750002,5.04151611328125
1742846642.759395,-0.929267578125,0.5221142578125,9.4124267578125
1742846642.8028896,-2.05253173828125,0.5053491210937501,11.6158447265625
1742846642.8029895,-0.53408935546875,1.65974853515625,9.96088623046875
1742846642.8475132,0.42870849609375,1.44898681640625,7.7143579101562505
1742846642.8476062,1.2406201171875,0.7065307617187501,5.5612353515625
1742846642.8503997,1.11847412109375,-0.756826171875,5.19240234375
1742846642.850467,0.4550537109375,-0.74964111328125,6.45936767578125
1742846642.892467,-1.9782861328125,-0.17004638671875,12.03497314453125
1742846642.8925753,-1.3962963867187501,0.7280859375000001,11.601474609375
1742846642.8944356,-0.8478369140625001,1.8633251953125,10.4183349609375
1742846642.9374623,1.42024658203125,0.32572265625,4.1338037109375
1742846642.9375541,1.20469482421875,0.8071215820312501,4.78285400390625
1742846642.9393902,1.00351318359375,-0.28261230468750004,4.89302490234375
1742846642.9824898,-1.61663818359375,0.88855224609375,11.783496093750001
1742846642.9844193,-2.327958984375,0.4167333984375,13.1582373046875
1742846642.9844806,-2.10043212890625,-0.13412109375,12.789404296875
1742846643.0274875,-0.21315673828125,1.82021484375,8.80169677734375
1742846643.0275996,0.9604028320312501,1.0106982421875002,5.518125
1742846643.0293622,1.5950830078125,0.1293310546875,3.3458422851562504
1742846643.0725098,1.04183349609375,-0.67060546875,4.89781494140625
1742846643.072616,0.37362304687500003,-0.3496728515625,7.27367431640625
1742846643.0744324,-1.09452392578125,0.7280859375000001,11.15839599609375
1742846643.1174636,-1.9040405273437502,-0.44068359375000005,12.827724609375
1742846643.1175694,-1.36755615234375,0.53887939453125,11.965517578125
1742846643.1193526,-0.7256909179687501,1.76991943359375,10.047106933593751
1742846643.162502,1.561552734375,0.18920654296875,2.6896069335937502
1742846643.1626046,1.0154882812500001,0.9723779296875,3.9709423828125003
1742846643.164372,0.8454418945312501,0.09101074218750001,4.46431640625
1742846643.2074444,-1.9040405273437502,0.89334228515625,13.069621582031251
1742846643.2524452,-2.375859375,0.6179150390625,14.559323730468751
1742846643.2525542,-2.06211181640625,-0.26105712890625,13.826447753906251
1742846643.2543445,0.0431103515625,1.6813037109375002,7.9203295898437505
1742846643.2974179,1.0154882812500001,0.76880126953125,4.588857421875001
1742846643.297525,0.67060546875,-0.42870849609375,5.26185791015625
1742846643.2993279,-0.076640625,-0.06945556640625,7.92511962890625
1742846643.2994058,-1.18553466796875,0.79754150390625,11.71404052734375
1742846643.3423777,-1.6621435546875,-0.009580078125,13.069621582031251
1742846643.3424919,-1.1735595703125001,0.852626953125,11.460168457031251
1742846643.3443117,-0.41433837890625,1.44898681640625,9.30944091796875
1742846643.3874483,1.3555810546875,0.23231689453125,2.8261230468750003
1742846643.3875594,0.9651928710937501,0.718505859375,4.2080493164062505
1742846643.4324012,0.8214916992187501,0.08382568359375,5.087021484375001
1742846643.4325225,-1.8729052734375,0.9005273437500001,13.05046142578125
1742846643.4343073,-2.0381616210937503,0.7472460937500001,13.88392822265625
1742846643.4343767,-1.85853515625,-0.143701171875,12.76784912109375
1742846643.4774446,0.22513183593750002,1.4418017578125,7.30001953125
1742846643.4775422,0.9843530273437501,0.335302734375,4.6798681640625
1742846643.479356,1.2981005859375,-0.06466552734375,3.5422338867187504
1742846643.5674422,0.48379394531250003,-0.60114990234375,6.514453125
1742846643.5675313,-0.12693603515625002,0.10777587890625001,8.7609814453125
1742846643.5693552,-1.09931396484375,1.044228515625,11.558364257812501
1742846643.5694196,-1.25738525390625,0.25626708984375,11.199111328125001
1742846643.61242,1.0011181640625,0.32811767578125,4.8331494140625
1742846643.6125104,0.6849755859375001,0.7664062500000001,5.97078369140625
1742846643.614379,0.3400927734375,-0.14130615234375002,6.830595703125001
1742846643.6573796,-1.5543676757812501,0.95082275390625,12.030183105468751
1742846643.6574867,-1.88009033203125,0.36404296875000003,12.2672900390625
1742846643.6592853,-1.41066650390625,0.02155517578125,11.03864501953125
1742846643.7024207,0.124541015625,1.3316308593750001,7.08686279296875
1742846643.7025375,0.8478369140625001,0.70174072265625,5.35765869140625
1742846643.7043724,1.12326416015625,0.239501953125,4.92176513671875
1742846643.8374214,0.18202148437500001,-0.62031005859375,7.8341088867187505
1742846643.837533,-0.1676513671875,-0.48379394531250003,9.350156250000001
1742846643.8392906,-1.0873388671875,0.52929931640625,11.30209716796875
1742846643.8393419,-1.0106982421875002,0.3305126953125,9.896220703125001
1742846643.882475,-1.28133544921875,0.89813232421875,11.910432128906251
1742846643.8825858,-1.9112255859375,0.59635986328125,12.09245361328125
1742846643.8844059,-1.30528564453125,0.5748046875,11.0027197265625
1742846643.928416,0.18202148437500001,1.3867163085937502,6.9096313476562505
1742846643.9285343,0.86939208984375,0.9819580078125001,5.39118896484375
1742846643.928592,1.0777587890625,0.18202148437500001,4.75171875
1742846643.9724107,0.17244140625,-1.1112890625,7.616162109375001
1742846643.9725285,-0.239501953125,-0.48379394531250003,9.302255859375
1742846643.974293,-1.04183349609375,0.7903564453125,11.5871044921875
1742846644.0624094,-1.04662353515625,0.85023193359375,10.815908203125
1742846644.0625238,-0.5604345703125,1.6429833984375002,9.6183984375
1742846644.0643556,-0.08382568359375,1.76991943359375,7.92990966796875
1742846644.1074524,-1.7387841796875,0.93645263671875,12.60977783203125
1742846644.107553,-1.944755859375,0.50055908203125,12.7654541015625
1742846644.1094098,-1.312470703125,0.7711962890625,11.730805664062501
1742846644.1534047,0.4167333984375,1.4250366210937502,6.72760986328125
1742846644.1975331,1.28373046875,0.5700146484375,4.6128076171875
1742846644.1976283,1.18074462890625,0.1293310546875,3.9278320312500004
1742846644.199349,0.4263134765625,-1.10410400390625,6.55995849609375
1742846644.1994257,-0.6179150390625,0.354462890625,9.65432373046875
1742846644.242533,-1.20469482421875,1.2334350585937501,11.84816162109375
1742846644.242638,-0.6466552734375001,2.0645068359375003,10.43989013671875
1742846644.2443516,0.143701171875,1.6741186523437501,7.949069824218751
1742846644.2874765,1.0538085937500001,0.17962646484375,4.35654052734375
1742846644.287569,0.8646020507812501,-1.08973388671875,4.5409570312500005
1742846644.2893584,0.57240966796875,-1.3555810546875,5.604345703125
1742846644.3324237,-2.1890478515625,0.58198974609375,13.11752197265625
1742846644.377421,-1.93757080078125,0.28021728515625,12.882810058593751
1742846644.3775294,-1.350791015625,1.025068359375,12.358300781250001
1742846644.4224246,0.9053173828125001,0.814306640625,5.968388671875
1742846644.4225333,1.28133544921875,-0.0143701171875,3.9901025390625002
1742846644.4674845,0.25387207031250003,-0.24668701171875002,7.12039306640625
1742846644.4675856,-1.08015380859375,1.04183349609375,10.63628173828125
1742846644.4693525,-1.3364208984375001,1.48251708984375,11.6829052734375
1742846644.4694185,-0.6083349609375001,2.06690185546875,10.001601562500001
1742846644.5124526,0.8286767578125,0.45984375,4.97924560546875
1742846644.5125625,1.00351318359375,-0.9244775390625001,4.9600854492187505
1742846644.5143518,0.8071215820312501,-1.2549902343750001,6.0689794921875
1742846644.5575025,-2.28005859375,0.39038818359375,13.095966796875
1742846644.557594,-1.8824853515625002,-0.17483642578125,12.20501953125
1742846644.5594287,-1.3412109375,0.6753955078125,11.3667626953125
1742846644.60245,1.2645703125,0.93884765625,5.2834130859375
1742846644.60256,1.52562744140625,0.026345214843750003,3.755390625
1742846644.6924744,1.25259521484375,0.7903564453125,4.7900390625
1742846644.6925702,0.03113525390625,-0.8238867187500001,8.08798095703125
1742846644.6943545,-1.1639794921875,0.6514453125,11.349997558593751
1742846644.6944194,-2.47166015625,0.45265869140625004,13.0672265625
1742846644.782457,0.6370751953125,0.63468017578125,5.640270996093751
1742846644.7825677,0.38080810546875005,-0.25387207031250003,6.65575927734375
1742846644.8275013,0.20118164062500002,-1.4082714843750002,7.4413256835937505
1742846644.8724604,-2.18665283203125,0.50055908203125,13.033696289062501
1742846644.87257,1.025068359375,1.3268408203125002,5.0798364257812505
1742846644.8743145,1.6046630859375002,0.6059399414062501,3.80568603515625
1742846644.8743722,-0.13651611328125002,-1.1352392578125001,8.9334228515625
1742846644.9174733,-0.5843847656250001,0.95082275390625,9.27112060546875
1742846644.9175856,-0.086220703125,1.80823974609375,7.9323046875
1742846644.9193525,0.5748046875,1.8657202148437502,6.14322509765625
1742846644.9623997,0.87418212890625,0.49576904296875,5.240302734375001
1742846644.9625146,0.08382568359375,-0.19160156250000002,6.9120263671875
1742846644.9642794,-0.32572265625,-1.04183349609375,8.265212402343751
1742846645.0074651,-2.04295166015625,0.27542724609375,13.122312011718751
1742846645.0075717,-1.7675244140625002,0.18681152343750002,12.19783447265625
1742846645.0092936,-0.74006103515625,0.99872314453125,10.49258056640625
1742846645.0525205,0.95082275390625,1.4609619140625,5.1013916015625
1742846645.052613,1.4729370117187501,0.996328125,3.9805224609375003
1742846645.0543668,1.0394384765625,0.36164794921875004,4.2583447265625
1742846645.0974905,-0.536484375,-0.6059399414062501,9.10825927734375
1742846645.0975828,-1.3268408203125002,0.20357666015625,11.5104638671875
1742846645.099392,-1.76512939453125,0.4071533203125,12.961845703125
1742846645.187512,-0.488583984375,1.5376025390625,10.145302734375
1742846645.1876032,0.124541015625,1.6525634765625001,8.20773193359375
1742846645.1894064,0.62031005859375,1.149609375,6.0498193359375
1742846645.2324977,-1.7842895507812502,0.07424560546875,12.70078857421875
1742846645.2325895,-1.3364208984375001,0.6514453125,12.0852685546875
1742846645.234414,-0.9029223632812501,1.52562744140625,11.0745703125
1742846645.2775023,1.0705737304687502,0.6849755859375001,4.9936157226562505
1742846645.277594,1.1927197265625,0.5700146484375,4.493056640625
1742846645.322507,0.9053173828125001,0.1149609375,4.89781494140625
1742846645.3225937,-0.51732421875,0.40236328125000004,9.41482177734375
1742846645.3243759,-1.7962646484375,0.756826171875,11.857741699218751
1742846645.3244395,-2.0812719726562503,0.3448828125,12.62414794921875
1742846645.3675363,-0.9723779296875,1.7771044921875,10.183623046875
1742846645.4125073,-0.023950195312500002,1.6525634765625001,8.116721191406251
1742846645.4126017,0.93884765625,0.6370751953125,5.7145166015625
1742846645.414413,1.0346484375,-0.3065625,5.4127441406250005
1742846645.457518,0.99393310546875,-1.2645703125,5.930068359375
1742846645.4576142,-2.0261865234375,-0.0431103515625,12.298425292968751
1742846645.4593866,-1.55197265625,0.37601806640625,11.326047363281251
1742846645.4594486,-1.18553466796875,1.4130615234375001,10.758427734375001
1742846645.5024836,1.4034814453125,0.277822265625,4.47629150390625
1742846645.5475173,1.2789404296875,0.51492919921875,4.7133984375
1742846645.5476081,0.93884765625,0.59156982421875,5.506149902343751
1742846645.5504084,-0.7256909179687501,0.59635986328125,10.188413085937501
1742846645.5504665,-2.09564208984375,0.948427734375,12.470866699218751
1742846645.5924296,-0.79754150390625,1.7387841796875,9.37171142578125
1742846645.5925324,0.229921875,1.7004638671875,7.27367431640625
1742846645.5943944,1.3364208984375001,0.8190966796875,4.722978515625
1742846645.6374958,0.63947021484375,0.14130615234375002,6.14322509765625
1742846645.6376066,0.5269042968750001,-1.08973388671875,6.64857421875
1742846645.6824958,-0.1676513671875,-0.3688330078125,9.04598876953125
1742846645.682582,-1.983076171875,-0.03592529296875,12.351115722656251
1742846645.6853955,-1.24780517578125,0.18920654296875,11.019484863281251
1742846645.6854553,-0.8023315429687501,1.17595458984375,9.776469726562501
1742846645.7734914,1.42024658203125,0.277822265625,3.9038818359375003
1742846645.8175147,1.3531860351562501,0.34248779296875004,4.2008642578125
1742846645.817617,0.7472460937500001,0.5867797851562501,5.6785913085937505
1742846645.819431,-0.8190966796875,0.3688330078125,11.0314599609375
1742846645.8194997,-0.32811767578125,1.65495849609375,8.66757568359375
1742846645.8624814,0.5795947265625,-0.4167333984375,5.872587890625001
1742846645.8625863,0.27542724609375,-0.8190966796875,7.32636474609375
1742846645.8644102,-0.51492919921875,0.1293310546875,9.91777587890625
1742846645.9074745,-1.7866845703125,0.04071533203125,12.4397314453125
1742846645.9075751,-1.28373046875,0.661025390625,11.20150634765625
1742846645.9093852,-0.8238867187500001,1.4729370117187501,9.90819580078125
1742846646.0425308,1.33402587890625,0.21315673828125,3.75299560546875
1742846646.0426261,1.0538085937500001,0.65863037109375,4.50982177734375
1742846646.0443993,0.85023193359375,0.17483642578125,5.49177978515625
1742846646.0444663,-1.1160791015625,0.8813671875000001,11.60865966796875
1742846646.0874975,0.6658154296875001,-0.57240966796875,5.83666259765625
1742846646.0875955,0.6035449218750001,-1.08973388671875,6.82820068359375
1742846646.0893943,-0.20597167968750002,0.39996826171875,9.529782714843751
1742846646.1774611,-1.6477734375000002,-0.07424560546875,12.0182080078125
1742846646.1775753,-1.0873388671875,0.6274951171875001,10.7680078125
1742846646.1793578,-0.8861572265625001,1.4130615234375001,9.88424560546875
1742846646.1794252,1.3651611328125002,0.15328125,3.9541772460937503
1742846646.357484,-0.8454418945312501,0.62031005859375,10.667416992187501
1742846646.3575788,-1.9471508789062502,0.93645263671875,12.77982421875
1742846646.4024968,-2.14833251953125,0.18681152343750002,12.59540771484375
1742846646.4025922,-1.65016845703125,0.27063720703125,11.869716796875
1742846646.4043965,1.29091552734375,0.34248779296875004,4.75171875
1742846646.4044616,0.9340576171875,0.124541015625,5.0798364257812505
1742846646.448502,-1.1160791015625,0.73048095703125,10.765612792968751
1742846646.4485986,-1.80344970703125,0.93884765625,12.058923339843751
1742846646.4486434,-1.80823974609375,0.2682421875,11.9415673828125
1742846646.492513,-0.12693603515625002,1.8824853515625002,8.555009765625
1742846646.4926023,0.69695068359375,1.0681787109375,6.5527734375
1742846646.494365,1.09452392578125,0.26345214843750003,4.9385302734375
1742846646.53749,0.5245092773437501,-1.350791015625,6.112089843750001
1742846646.537601,0.21076171875000002,-0.7472460937500001,7.728728027343751
1742846646.5393918,-0.6562353515625,0.87897216796875,10.406359863281251
1742846646.5825186,-1.2933105468750001,0.28261230468750004,11.1751611328125
1742846646.582614,-1.1927197265625,1.35797607421875,10.4374951171875
1742846646.5854309,-0.83107177734375,1.7866845703125,9.49146240234375
1742846646.6274781,1.0873388671875,0.09819580078125001,4.708608398437501
1742846646.627584,0.6634204101562501,0.59156982421875,6.018684082031251
1742846646.6294599,0.948427734375,-0.38320312500000003,6.08095458984375
1742846646.6725123,-1.4729370117187501,1.21427490234375,11.88169189453125
1742846646.672606,-2.18186279296875,0.7616162109375001,12.616962890625
1742846646.6743975,-1.8441650390625002,-0.10298583984375001,11.5392041015625
1742846646.7624917,-0.42870849609375,2.0908520507812502,8.296347656250001
1742846646.762607,0.6274951171875001,1.02746337890625,5.815107421875
1742846646.7653875,1.3843212890625,0.1149609375,4.0619531250000005
1742846646.8075125,-1.5855029296875,0.08861572265625,11.237431640625001
1742846646.8076086,-1.11847412109375,0.5700146484375,10.420729980468751
1742846646.8093724,-0.9460327148437501,1.599873046875,9.18489990234375
1742846646.852489,1.43701171875,-0.045505371093750004,4.014052734375
1742846646.8985255,1.005908203125,0.52929931640625,4.92176513671875
1742846646.8986187,0.51492919921875,0.5245092773437501,6.38033203125
1742846646.9003942,-0.9244775390625001,0.680185546875,11.2613818359375
1742846646.900459,-2.136357421875,0.775986328125,13.15105224609375
1742846646.942532,-0.3496728515625,1.65016845703125,8.49992431640625
1742846646.942657,0.3448828125,1.4849121093750002,6.67491943359375
1742846646.9443617,1.41066650390625,1.044228515625,4.358935546875
1742846646.9875064,0.20597167968750002,-0.25387207031250003,6.34919677734375
1742846646.9876153,0.03113525390625,-1.01309326171875,7.40779541015625
1742846646.989456,-0.5269042968750001,-0.41194335937500004,9.4315869140625
1742846647.0324485,-1.79865966796875,0.316142578125,12.41338623046875
1742846647.0774708,-0.7711962890625,0.77359130859375,11.086545410156251
1742846647.077568,-0.32572265625,1.5088623046875,9.417216796875001
1742846647.0793679,1.350791015625,0.51971923828125,4.21762939453125
1742846647.0794308,1.26217529296875,0.20836669921875,4.2751098632812505
1742846647.1225095,-1.149609375,0.6634204101562501,11.199111328125001
1742846647.2124572,-1.8824853515625002,0.34248779296875004,12.456496582031251
1742846647.2125673,-1.8058447265625002,0.13412109375,12.5259521484375
1742846647.2143524,-0.067060546875,1.55915771484375,8.784931640625
1742846647.2144167,0.9268725585937501,-1.36276611328125,5.04151611328125
1742846647.3025086,-1.5280224609375002,0.47660888671875,11.90085205078125
1742846647.3026001,-1.2214599609375,1.465751953125,11.38352783203125
1742846647.3043518,-0.58198974609375,2.0740869140625002,9.87945556640625
1742846647.3044248,1.1352392578125001,0.38080810546875005,4.6870532226562505
1742846647.3474865,-2.0070263671875,0.8861572265625001,11.99665283203125
1742846647.3475714,-2.35909423828125,0.335302734375,12.636123046875001
1742846647.3493805,-1.829794921875,-0.023950195312500002,11.93677734375
1742846647.392423,0.03592529296875,1.9734960937500001,7.994575195312501
1742846647.3925292,1.3148657226562501,0.7232958984375001,5.400769042968751
1742846647.3943498,1.4250366210937502,0.02155517578125,3.9901025390625002
1742846647.4374554,0.7664062500000001,-1.5567626953125,5.812712402343751
1742846647.4824417,0.11735595703125,-0.28021728515625,8.1861767578125
1742846647.482554,-1.2885205078125002,1.06578369140625,11.38831787109375
1742846647.484384,-1.2645703125,0.4742138671875,11.445798339843751
1742846647.5274432,-1.2166699218750001,1.4034814453125,10.600356445312501
1742846647.5275524,1.302890625,0.01916015625,4.1481738281250005
1742846647.529349,0.6562353515625,0.6274951171875001,5.67380126953125
1742846647.5294113,0.5748046875,-0.61552001953125,6.18154541015625
1742846647.572422,-1.8705102539062501,1.16637451171875,12.79179931640625
1742846647.5725286,-2.14354248046875,0.5795947265625,13.1390771484375
1742846647.574367,-1.5471826171875,-0.05748046875,11.6158447265625
1742846647.618033,-0.18441650390625,1.7723144531250001,7.0269873046875
1742846647.6181626,0.91729248046875,0.7903564453125,4.667893066406251
1742846647.6193485,1.1639794921875,-0.052690429687500005,3.7074902343750002
1742846647.7074647,0.51492919921875,-0.60114990234375,8.14067138671875
1742846647.7075765,0.60114990234375,-0.5077441406250001,9.3166259765625
1742846647.709321,-0.13412109375,0.59156982421875,11.51525390625
1742846647.7093928,-1.05141357421875,-0.09340576171875001,9.70701416015625
1742846647.7524247,0.775986328125,0.4071533203125,5.35765869140625
1742846647.7525325,0.3448828125,0.6562353515625,7.2018237304687505
1742846647.754313,0.03113525390625,1.3555810546875,9.77407470703125
1742846647.797422,0.62989013671875,-0.4454736328125,10.5811962890625
1742846647.7975307,0.1772314453125,0.24668701171875002,10.40156982421875
1742846647.7993155,-0.5604345703125,0.1484912109375,9.4507470703125
1742846647.8874564,-0.74006103515625,0.09819580078125001,5.2594628906250005
1742846647.8875756,-1.40587646484375,1.02267333984375,6.5527734375
1742846647.8893192,-1.04662353515625,1.7938696289062501,7.249724121093751
1742846647.8893917,-0.689765625,1.235830078125,11.19671630859375
1742846647.9324481,0.5795947265625,0.18441650390625,7.5012011718750005
1742846647.9325638,0.7616162109375001,-0.6059399414062501,6.13364501953125
1742846647.935372,1.3460009765625,-0.6873706054687501,4.8068041992187505
1742846647.9774804,-1.43701171875,1.0490185546875002,9.48667236328125
1742846648.0224113,-1.2166699218750001,1.3555810546875,9.96328125
1742846648.0225418,-1.43701171875,1.0490185546875002,10.46863037109375
1742846648.0243645,-0.7711962890625,1.1879296875,9.19927001953125
1742846648.0674782,-0.27063720703125,-0.39517822265625,7.4197705078125
1742846648.0675886,1.20469482421875,-0.93645263671875,6.40667724609375
1742846648.2024734,1.2693603515625,0.51971923828125,7.87242919921875
1742846648.2474883,0.5316943359375,1.59029296875,10.10937744140625
1742846648.2475939,-0.30416748046875003,0.70174072265625,10.126142578125
1742846648.249402,-0.929267578125,0.814306640625,9.49146240234375
1742846648.2494738,0.4550537109375,0.3879931640625,6.30608642578125
1742846648.3374531,-1.9303857421875001,0.5053491210937501,9.357341308593751
1742846648.337562,-1.74357421875,1.24780517578125,10.825488281250001
1742846648.3393688,-1.619033203125,0.335302734375,11.7403857421875
1742846648.382468,0.09580078125000001,1.48730712890625,10.248288574218751
1742846648.427478,0.51013916015625,0.258662109375,6.3372216796875005
1742846648.4275753,0.57240966796875,0.9244775390625001,7.2353540039062505
1742846648.4293954,-0.06466552734375,0.3065625,8.39454345703125
1742846648.429457,-1.47533203125,1.13284423828125,11.01708984375
1742846648.4724464,-0.42391845703125003,0.60114990234375,6.974296875
1742846648.4725633,0.0718505859375,0.70892578125,6.74197998046875
1742846648.4742823,0.71611083984375,0.85023193359375,7.10602294921875
1742846648.6524448,0.13412109375,0.689765625,10.37282958984375
1742846648.6525588,0.06945556640625,0.06945556640625,10.13811767578125
1742846648.6543567,-0.40236328125000004,-0.7328759765625,9.75970458984375
1742846648.6544297,-1.38192626953125,0.5891748046875,9.580078125
1742846648.6974607,0.44786865234375,1.3148657226562501,7.4389306640625
1742846648.6975596,-0.277822265625,1.52562744140625,8.77774658203125
1742846648.6993842,-1.02746337890625,0.55564453125,9.769284667968751
1742846648.7874396,-1.7411791992187502,0.613125,10.645861816406251
1742846648.7875526,-1.41545654296875,-0.052690429687500005,9.2399853515625
1742846648.7893147,-0.37362304687500003,-0.24668701171875002,7.541916503906251
1742846648.78939,0.42870849609375,0.3975732421875,6.2605810546875
1742846648.832481,-0.5987548828125,0.86939208984375,11.33083740234375
1742846648.8325841,-0.996328125,0.05987548828125,11.251801757812501
1742846648.8343823,-1.140029296875,-0.28021728515625,10.56922119140625
1742846648.8775182,0.3879931640625,-0.31853759765625,5.760021972656251
1742846648.8776138,0.5795947265625,-0.0431103515625,4.9960107421875
1742846648.8804288,0.51013916015625,0.79754150390625,5.316943359375
1742846649.0584767,-0.7137158203125,0.996328125,9.378896484375
1742846649.058573,-0.9651928710937501,0.9436376953125001,10.7440576171875
1742846649.0586164,-1.36276611328125,0.51492919921875,11.678115234375001
1742846649.0613794,-0.3305126953125,0.0047900390625,9.0771240234375
1742846649.1035118,-0.47660888671875,0.20118164062500002,7.1419482421875005
1742846649.1036062,0.28021728515625,0.89334228515625,7.343129882812501
1742846649.1036646,0.55564453125,0.613125,8.06882080078125
1742846649.1485236,-0.13412109375,1.08973388671875,10.71052734375
1742846649.1486182,-0.5700146484375,0.40954833984375,10.624306640625
1742846649.148661,-0.3688330078125,0.07424560546875,9.433981933593751
1742846649.1925402,0.1149609375,0.28261230468750004,6.33003662109375
1742846649.1926296,0.34248779296875004,0.30416748046875003,5.65464111328125
1742846649.2825117,0.09580078125000001,0.354462890625,6.00910400390625
1742846649.282607,-1.08973388671875,0.87897216796875,10.068662109375001
1742846649.2844138,-1.1112890625,0.40475830078125,10.8446484375
1742846649.2844803,-1.20948486328125,0.1484912109375,11.117680664062501
1742846649.327529,0.06945556640625,0.17483642578125,7.6401123046875
1742846649.327619,-0.24668701171875002,0.4454736328125,9.014853515625001
1742846649.3294408,-0.929267578125,0.07903564453125,10.53090087890625
1742846649.3725283,-0.3784130859375,0.6753955078125,9.78365478515625
1742846649.3726196,-0.8071215820312501,0.25626708984375,8.684340820312501
1742846649.3743627,-0.4981640625,0.75922119140625,7.4197705078125
1742846649.4175224,-0.16525634765625,0.10298583984375001,6.0114990234375005
1742846649.5524375,0.19639160156250002,0.7640112304687501,6.8425708007812505
1742846649.5525572,0.0335302734375,0.7041357421875001,8.55261474609375
1742846649.5542943,-0.1389111328125,0.55324951171875,11.28533203125
1742846649.5543642,-0.3879931640625,0.30177246093750004,11.43621826171875
1742846649.5975108,0.047900390625000004,0.22752685546875,8.899892578125
1742846649.5976214,0.69216064453125,0.33290771484375004,7.57065673828125
1742846649.5994167,1.2885205078125002,0.85502197265625,6.33482666015625
1742846649.642498,0.05987548828125,0.8023315429687501,7.623347167968751
1742846649.6426063,-0.3879931640625,0.91729248046875,8.66757568359375
1742846649.6444242,-0.7855664062500001,0.15567626953125,9.513017578125
1742846649.687495,-0.8214916992187501,0.7879614257812501,9.860295410156251
1742846649.6875875,-0.73527099609375,0.11017089843750001,8.737031250000001
1742846649.7324896,-0.2347119140625,0.086220703125,7.2856494140625
1742846649.7775228,-0.18681152343750002,0.5748046875,7.03417236328125
1742846649.7776122,0.29458740234375,0.7807763671875,7.436535644531251
1742846649.7793977,0.055085449218750006,0.44786865234375,8.57656494140625
1742846649.7794635,-0.60114990234375,0.71611083984375,10.94284423828125
1742846649.867459,0.36404296875000003,0.1484912109375,6.23423583984375
1742846649.867567,0.81191162109375,0.258662109375,5.7384667968750005
1742846649.8703616,0.6849755859375001,0.49576904296875,6.44978759765625
1742846649.8704355,-0.3975732421875,0.5508544921875,9.65911376953125
1742846649.9573975,-0.69216064453125,-0.11256591796875001,7.37426513671875
1742846649.957506,0.03113525390625,0.296982421875,6.4905029296875005
1742846649.9592712,0.51971923828125,1.16158447265625,6.205495605468751
1742846650.0923893,-0.36404296875000003,0.04071533203125,9.63995361328125
1742846650.092486,-0.32811767578125,0.11256591796875001,8.7322412109375
1742846650.0942698,-0.06945556640625,0.62031005859375,7.197033691406251
1742846650.0943303,-1.02746337890625,0.77359130859375,11.5775244140625
1742846650.1823962,0.3113525390625,0.37601806640625,6.658154296875001
1742846650.182488,0.33769775390625,0.4981640625,6.24860595703125
1742846650.2274253,0.54366943359375,-0.1293310546875,5.779182128906251
1742846650.227539,-0.53887939453125,1.120869140625,9.881850585937501
1742846650.2292993,-0.5700146484375,0.49576904296875,7.97302001953125
1742846650.2293603,-0.25387207031250003,-0.11256591796875001,6.624624023437501
1742846650.2724233,-0.24668701171875002,0.73048095703125,8.45681396484375
1742846650.2725286,-0.0143701171875,0.47181884765625004,8.954978027343751
1742846650.2743347,-0.09340576171875001,0.67300048828125,10.1548828125
1742846650.3174002,-0.19160156250000002,0.26345214843750003,9.290280761718751
1742846650.3175075,0.10777587890625001,-0.24668701171875002,8.10235107421875
1742846650.3624554,-0.045505371093750004,0.17483642578125,7.455695800781251
1742846650.3625538,0.8095166015625,0.0383203125,6.28213623046875
1742846650.4084432,0.33290771484375004,0.4981640625,7.6257421875
1742846650.4524665,-0.41433837890625,0.8478369140625001,9.2783056640625
1742846650.4525588,-0.79275146484375,0.09819580078125001,9.72617431640625
1742846650.4543672,-1.17595458984375,0.63228515625,9.642348632812501
1742846650.454431,0.08861572265625,0.51013916015625,6.33961669921875
1742846650.4974658,-0.3975732421875,0.40236328125000004,10.55964111328125
1742846650.4975622,-1.063388671875,0.22273681640625,11.551179199218751
1742846650.542441,-0.7472460937500001,0.258662109375,10.854228515625001
1742846650.5425391,0.4550537109375,0.49337402343750003,7.28804443359375
1742846650.5442836,0.73048095703125,1.02267333984375,6.18873046875
1742846650.5443463,0.81191162109375,0.63468017578125,5.44387939453125
1742846650.5874512,-0.871787109375,1.04183349609375,8.49992431640625
1742846650.5875502,-1.4681469726562502,0.45744873046875,9.75970458984375
1742846650.5893152,-1.44419677734375,0.143701171875,10.466235351562501
1742846650.6324477,-0.8238867187500001,0.7999365234375,10.494975585937501
1742846650.632553,0.17244140625,0.67060546875,8.662785644531251
1742846650.6343937,0.948427734375,0.51732421875,6.9599267578125
1742846650.6774652,0.38080810546875005,0.5987548828125,6.47373779296875
1742846650.6775627,0.067060546875,-0.1676513671875,7.010222167968751
1742846650.6793702,-0.45744873046875,-0.1149609375,8.33706298828125
1742846650.7223942,-0.47660888671875,0.22034179687500002,10.427915039062501
1742846650.722501,-0.10777587890625001,0.18202148437500001,9.7668896484375
1742846650.7252727,-0.02155517578125,0.6682104492187501,8.9286328125
1742846650.8124473,0.34727783203125,0.34727783203125,5.776787109375
1742846650.8125393,0.258662109375,0.33769775390625,5.53489013671875
1742846650.8143568,-0.38080810546875005,0.45265869140625004,6.6533642578125
1742846650.9024334,0.45744873046875,-0.03592529296875,7.537126464843751
1742846650.9474452,0.4263134765625,0.4263134765625,7.079677734375
1742846650.9475472,0.28021728515625,0.10538085937500001,6.864125976562501
1742846650.949335,0.03113525390625,0.9005273437500001,8.65799560546875
1742846650.9493978,-0.9843530273437501,0.6753955078125,8.89749755859375
1742846650.9924326,-0.076640625,1.1879296875,7.731123046875
1742846651.0374882,-0.31853759765625,0.3209326171875,8.53824462890625
1742846651.037589,-0.22273681640625,0.277822265625,9.441166992187501
1742846651.0393224,-0.8765771484375,0.124541015625,10.90212890625
1742846651.0393841,-0.354462890625,0.01916015625,9.37171142578125
1742846651.0824482,1.01309326171875,0.5652246093750001,5.6091357421875
1742846651.0825613,0.97477294921875,0.622705078125,5.939648437500001
1742846651.0843434,0.22034179687500002,0.5053491210937501,7.515571289062501
1742846651.127486,-0.7831713867187501,0.25626708984375,10.2458935546875
1742846651.1275911,-1.13284423828125,0.1149609375,10.57401123046875
1742846651.1293492,-1.10410400390625,0.74006103515625,10.260263671875
1742846651.1724634,-0.40475830078125,0.08861572265625,6.7898803710937505
1742846651.172552,0.14609619140625002,0.69695068359375,6.24860595703125
1742846651.17535,0.00239501953125,0.79275146484375,6.53600830078125
1742846651.2174182,0.20597167968750002,0.4646337890625,8.98611328125
1742846651.2175264,-0.7256909179687501,0.25147705078125,10.600356445312501
1742846651.219279,-0.7903564453125,0.6083349609375001,11.24701171875
1742846651.2624347,-0.00718505859375,-0.045505371093750004,8.938212890625
1742846651.2625408,0.31374755859375003,0.8286767578125,7.8604541015625005
1742846651.264385,0.43110351562500004,0.6682104492187501,6.89526123046875
1742846651.3074903,0.20357666015625,0.9867480468750001,6.452182617187501
1742846651.3525033,-0.55324951171875,0.871787109375,7.70477783203125
1742846651.35259,-0.74006103515625,0.5987548828125,8.52626953125
1742846651.354395,-1.7100439453125,0.43349853515625003,10.7153173828125
1742846651.3974972,-1.0921289062500001,0.75443115234375,10.3033740234375
1742846651.3975983,0.48379394531250003,0.93645263671875,7.079677734375
1742846651.399391,0.35685791015625,0.41912841796875,7.2473291015625
1742846651.3994596,0.045505371093750004,-0.21794677734375,7.34073486328125
1742846651.443503,-0.469423828125,0.5412744140625,10.298583984375
1742846651.4435928,-0.25147705078125,0.32811767578125,10.11895751953125
1742846651.4436367,0.0622705078125,0.51013916015625,9.575288085937501
1742846651.5324578,0.239501953125,0.87418212890625,7.249724121093751
1742846651.5325491,0.33769775390625,0.354462890625,6.1935205078125
1742846651.5343766,0.0814306640625,0.0335302734375,6.02826416015625
1742846651.5344334,-1.17595458984375,0.023950195312500002,8.8472021484375
1742846651.5774875,0.09580078125000001,0.79754150390625,8.595725097656251
1742846651.5775795,0.48379394531250003,0.74964111328125,7.582631835937501
1742846651.5793803,0.20597167968750002,0.38080810546875005,7.10123291015625
1742846651.6234956,0.40954833984375,-0.3592529296875,6.8545458984375
1742846651.6235979,0.12693603515625002,-0.03113525390625,8.4065185546875
1742846651.623642,-0.37601806640625,0.7065307617187501,9.877060546875
1742846651.6674576,-0.33769775390625,0.49097900390625004,10.20996826171875
1742846651.6675725,-0.10538085937500001,1.2286450195312502,9.532177734375
1742846651.669337,-0.0814306640625,1.13284423828125,8.25563232421875
1742846651.7134504,-0.0431103515625,0.21555175781250002,5.486989746093751
1742846651.7135537,-0.8574169921875,0.21076171875000002,6.452182617187501
1742846651.7153986,-0.9580078125,0.1580712890625,7.489226074218751
1742846651.7574737,-0.871787109375,0.6370751953125,11.31646728515625
1742846651.7575653,-0.85023193359375,1.1472143554687502,11.80984130859375
1742846651.759355,-0.46702880859375,1.0490185546875002,11.218271484375
1742846651.8024907,0.3688330078125,0.689765625,7.20661376953125
1742846651.8026006,0.43828857421875,0.3209326171875,6.07376953125
1742846651.8053432,0.8574169921875,-0.4550537109375,5.2355126953125
1742846651.8474646,-0.76880126953125,0.5891748046875,9.44595703125
1742846651.8475704,-0.49097900390625004,0.48618896484375,10.300979003906251
1742846651.8493547,-0.18202148437500001,0.60114990234375,10.51653076171875
1742846651.8924553,-0.5029541015625,0.89813232421875,9.10825927734375
1742846651.8925457,-0.13651611328125002,0.1772314453125,7.33115478515625
1742846651.8943634,-0.33769775390625,-0.36643798828125,5.9156982421875
1742846651.9375494,-0.18202148437500001,0.5412744140625,6.28692626953125
1742846651.9376478,-0.30416748046875003,0.31853759765625,7.55149658203125
1742846651.9824336,-0.5316943359375,0.77838134765625,9.11304931640625
1742846651.9825418,-0.7280859375000001,0.5460644531250001,11.251801757812501
1742846651.9843037,-0.21076171875000002,0.31374755859375003,10.1021923828125
1742846651.98435,0.045505371093750004,0.23231689453125,8.954978027343751
1742846652.0275545,0.99393310546875,-0.61072998046875,5.61153076171875
1742846652.0276423,0.79275146484375,0.3400927734375,6.121669921875
1742846652.0293555,0.32572265625,1.2669653320312502,7.9323046875
1742846652.1174564,-0.53887939453125,0.4167333984375,10.24349853515625
1742846652.1175454,-1.140029296875,0.929267578125,11.160791015625001
1742846652.1193268,-1.504072265625,0.8622070312500001,10.779982910156251
1742846652.1193862,0.1197509765625,-0.0814306640625,5.7049365234375005
1742846652.1624494,-0.74964111328125,0.9053173828125001,9.915380859375
1742846652.2074678,-1.1687695312500002,1.3915063476562501,11.5871044921875
1742846652.2075617,-1.101708984375,0.8765771484375,11.77152099609375
1742846652.2093291,-0.20597167968750002,0.51492919921875,8.715476074218751
1742846652.2093914,-0.055085449218750006,0.44068359375000005,7.429350585937501
1742846652.25246,0.1389111328125,1.082548828125,7.999365234375
1742846652.252549,-0.19639160156250002,0.76880126953125,9.381291503906251
1742846652.2543373,-0.30177246093750004,0.3496728515625,10.32492919921875
1742846652.2974536,-1.17116455078125,1.24301513671875,11.26377685546875
1742846652.297541,-0.40954833984375,0.316142578125,8.7993017578125
1742846652.2993233,-0.10538085937500001,-0.45026367187500005,6.4138623046875
1742846652.3424652,-0.1389111328125,0.5245092773437501,4.98882568359375
1742846652.3425558,0.17004638671875,-0.0431103515625,5.4127441406250005
1742846652.3443253,0.0047900390625,0.5077441406250001,7.17308349609375
1742846652.387475,-0.9460327148437501,0.641865234375,12.418176269531251
1742846652.3875675,-0.45744873046875,0.16525634765625,11.603869628906251
1742846652.3893228,-0.50055908203125,0.05748046875,10.89015380859375
1742846652.4324505,1.00351318359375,-0.613125,5.13731689453125
1742846652.432537,1.08494384765625,-0.8430468750000001,4.0859033203125
1742846652.4774575,0.62031005859375,0.60114990234375,5.6091357421875
1742846652.4775608,-0.0622705078125,0.47181884765625004,9.5417578125
1742846652.4793186,-0.5508544921875,0.9148974609375,11.230246582031251
1742846652.4793801,-1.09931396484375,1.3747412109375001,12.33195556640625
1742846652.5224082,-0.40236328125000004,-0.28740234375,7.4149804687500005
1742846652.5225077,-0.36643798828125,0.0622705078125,6.25339599609375
1742846652.5243638,-0.43349853515625003,0.536484375,5.5324951171875005
1742846652.5680728,-0.1293310546875,0.53887939453125,7.10123291015625
1742846652.6134226,-0.7448510742187501,1.3172607421875,9.814790039062501
1742846652.6135445,-0.9651928710937501,1.37953125,11.32365234375
1742846652.6135964,-0.4454736328125,0.41433837890625,10.997929687500001
1742846652.616277,-0.3688330078125,0.53408935546875,9.92256591796875
1742846652.6583705,0.5652246093750001,0.62031005859375,6.10969482421875
1742846652.6584673,0.2682421875,1.09452392578125,7.2377490234375
1742846652.6585178,0.28979736328125,0.7520361328125,8.2819775390625
1742846652.703384,-1.4226416015625,1.4729370117187501,12.3008203125
1742846652.7034788,-1.29570556640625,1.19990478515625,11.4434033203125
1742846652.7035263,-0.6945556640625,0.05748046875,9.034013671875
1742846652.7483766,-0.22513183593750002,0.7328759765625,5.367238769531251
1742846652.7484727,0.36164794921875004,0.0143701171875,4.29906005859375
1742846652.748522,0.6634204101562501,-0.076640625,4.65831298828125
1742846652.7933784,-1.3843212890625,1.22385498046875,11.903247070312501
1742846652.793475,-0.98914306640625,0.48618896484375,12.0708984375
1742846652.793524,-0.96998291015625,-0.055085449218750006,12.006232910156251
1742846652.8384655,0.4646337890625,0.46223876953125004,7.2281689453125
1742846652.8385992,1.20948486328125,-0.67300048828125,4.77087890625
1742846652.8386552,1.2885205078125002,-0.258662109375,4.22720947265625
1742846652.8834546,0.45026367187500005,0.488583984375,7.91074951171875
1742846652.9274883,-0.27063720703125,0.51013916015625,10.13332763671875
1742846652.9276202,-1.2022998046875,0.6682104492187501,12.2864501953125
1742846652.929371,-1.18553466796875,0.27542724609375,10.600356445312501
1742846652.9294453,-0.641865234375,0.1197509765625,8.33706298828125
1742846653.0174403,0.9843530273437501,0.00718505859375,3.6164794921875
1742846653.0175579,0.488583984375,0.6658154296875001,5.604345703125
1742846653.1083944,-0.5748046875,1.02267333984375,8.272397460937501
1742846653.1084933,-1.3483959960937502,0.30177246093750004,12.47565673828125
1742846653.1533933,1.0370434570312501,0.25147705078125,4.99840576171875
1742846653.1534948,-0.89813232421875,0.5029541015625,11.33562744140625
1742846653.1535473,-0.39278320312500004,0.96998291015625,8.2340771484375
1742846653.1562757,0.28500732421875,0.8574169921875,5.968388671875
1742846653.1983643,-0.086220703125,0.83586181640625,7.127578125
1742846653.1984668,-0.45744873046875,0.19639160156250002,8.722661132812501
1742846653.198518,-0.7903564453125,0.07424560546875,10.202783203125
1742846653.243377,-1.09452392578125,0.29219238281250004,10.5811962890625
1742846653.2434773,-0.33769775390625,0.1197509765625,8.722661132812501
1742846653.2435267,0.06466552734375,0.335302734375,7.0748876953125
1742846653.2874868,0.7999365234375,0.31853759765625,5.4941748046875
1742846653.2875917,0.680185546875,0.3688330078125,6.718029785156251
1742846653.2894309,0.11256591796875001,0.8047265625000001,8.73942626953125
1742846653.3325222,-0.7448510742187501,-0.20357666015625,11.51764892578125
1742846653.3326185,-0.8765771484375,0.09819580078125001,11.206296386718751
1742846653.334425,-0.9412426757812501,0.4550537109375,10.26744873046875
1742846653.3774574,0.54366943359375,0.52929931640625,5.163662109375
1742846653.377564,0.35206787109375004,1.0370434570312501,5.22832763671875
1742846653.3793402,0.11017089843750001,1.28612548828125,6.23423583984375
1742846653.4224558,-0.70892578125,0.4358935546875,10.52132080078125
1742846653.422562,-1.140029296875,0.5891748046875,11.72841064453125
1742846653.4243417,-1.0969189453125001,0.4646337890625,11.6733251953125
1742846653.46746,-0.086220703125,0.045505371093750004,7.15392333984375
1742846653.4675674,0.02155517578125,0.6442602539062501,6.20070556640625
1742846653.4693396,0.46702880859375,0.36643798828125,5.0439111328125
1742846653.51248,-0.27063720703125,1.1448193359375,8.571774902343751
1742846653.5125813,-0.5700146484375,0.910107421875,10.37761962890625
1742846653.5143802,-0.641865234375,0.20118164062500002,11.26377685546875
1742846653.5573933,-0.7137158203125,0.7664062500000001,10.94763427734375
1742846653.5575042,-0.0143701171875,0.18681152343750002,8.684340820312501
1742846653.602411,0.42870849609375,-0.28740234375,6.28213623046875
1742846653.602529,0.1580712890625,0.8813671875000001,5.640270996093751
1742846653.6043391,0.08861572265625,0.30895751953125,6.31566650390625
1742846653.6044016,-0.19160156250000002,0.39517822265625,7.994575195312501
1742846653.6474066,-1.1520043945312501,0.7472460937500001,11.754755859375
1742846653.6475172,-0.622705078125,0.25387207031250003,10.593171386718751
1742846653.6493082,-0.21794677734375,0.25147705078125,9.29507080078125
1742846653.6925006,0.69695068359375,-0.25147705078125,4.981640625
1742846653.69261,0.814306640625,-0.55564453125,4.47629150390625
1742846653.7374835,0.26345214843750003,0.3209326171875,5.90851318359375
1742846653.7375906,-0.55324951171875,0.0718505859375,10.1117724609375
1742846653.7394009,-0.8047265625000001,0.42391845703125003,11.146420898437501
1742846653.7394702,-1.14242431640625,1.19990478515625,12.15951416015625
1742846653.828498,0.51492919921875,-0.07903564453125,6.94795166015625
1742846653.8286128,0.51971923828125,0.17244140625,6.2605810546875
1742846653.8286576,0.17483642578125,0.8382568359375,6.24860595703125
1742846653.8724916,-0.3975732421875,0.910107421875,9.647138671875
1742846653.8725808,-0.31853759765625,1.39869140625,8.56698486328125
1742846653.9175043,0.2682421875,1.063388671875,6.62701904296875
1742846653.917595,0.08861572265625,0.4742138671875,6.4569726562500005
1742846653.9193418,-0.18202148437500001,0.5029541015625,7.77183837890625
1742846653.9194043,-0.1293310546875,-0.076640625,8.87354736328125
1742846653.962456,-1.17595458984375,0.929267578125,11.908037109375
1742846653.9625626,-0.9148974609375,0.8669970703125001,10.9643994140625
1742846653.9643464,-0.18920654296875,0.44307861328125003,8.669970703125001
1742846654.008475,0.26584716796875,1.17116455078125,5.5923706054687505
1742846654.008577,0.354462890625,0.55324951171875,5.3696337890625
1742846654.0103965,0.21076171875000002,-0.20357666015625,6.1360400390625
1742846654.0524852,-1.13284423828125,0.62989013671875,11.864926757812501
1742846654.052591,-0.85502197265625,-0.01676513671875,11.85295166015625
1742846654.0543792,-0.55324951171875,-0.045505371093750004,11.23503662109375
1742846654.1425276,0.10777587890625001,0.6945556640625,6.98148193359375
1742846654.1426241,0.756826171875,0.258662109375,4.88583984375
1742846654.1443603,0.79275146484375,0.39517822265625,4.52898193359375
1742846654.1444178,-0.3400927734375,0.32811767578125,8.363408203125001
1742846654.1884966,-0.12693603515625002,0.023950195312500002,9.5465478515625
1742846654.1885917,0.23231689453125,0.0431103515625,7.616162109375001
1742846654.1886356,0.19399658203125,0.6466552734375001,6.45457763671875
1742846654.2325046,0.55324951171875,0.27063720703125,4.8403344726562505
1742846654.2325969,0.009580078125,0.62989013671875,6.7826953125000005
1742846654.2344325,-0.73048095703125,1.13284423828125,9.1920849609375
1742846654.277498,-1.025068359375,-0.00239501953125,11.54159912109375
1742846654.2775917,-1.0106982421875002,0.43828857421875,11.220666503906251
1742846654.2793622,-0.5316943359375,0.718505859375,10.054291992187501
1742846654.3225005,0.8047265625000001,0.1580712890625,5.42471923828125
1742846654.3225913,0.43349853515625003,0.6466552734375001,5.906118164062501
1742846654.3243906,0.2442919921875,0.6083349609375001,6.5767236328125005
1742846654.3675117,-1.0011181640625,0.7640112304687501,10.99553466796875
1742846654.3675985,-1.25259521484375,0.97716796875,11.670930175781251
1742846654.3693604,-1.08494384765625,0.7232958984375001,11.3476025390625
1742846654.4124887,0.04071533203125,0.28979736328125,7.3191796875
1742846654.4125776,0.3975732421875,0.37122802734375004,6.085744628906251
1742846654.4143553,0.699345703125,-0.21555175781250002,5.3528686523437505
1742846654.4574912,-0.48139892578125004,0.9604028320312501,9.0004833984375
1742846654.4575841,-0.8214916992187501,0.6442602539062501,10.195598144531251
1742846654.4593418,-0.7232958984375001,0.65863037109375,10.614726562500001
1742846654.5924945,-0.93166259765625,0.7137158203125,9.44356201171875
1742846654.592589,-0.19399658203125,0.277822265625,7.41258544921875
1742846654.5943656,0.18920654296875,-0.24668701171875002,5.9180932617187505
1742846654.5944238,0.70892578125,0.20118164062500002,6.2462109375
1742846654.6374874,0.55324951171875,0.0431103515625,4.89781494140625
1742846654.6375773,0.36164794921875004,0.15088623046875002,5.431904296875
1742846654.63938,0.20836669921875,0.73048095703125,7.122788085937501
1742846654.7724898,-0.5221142578125,0.15328125,11.35478759765625
1742846654.7725875,-0.89334228515625,0.61072998046875,12.10921875
1742846654.7743514,-1.0969189453125001,0.85981201171875,11.8745068359375
1742846654.7744136,0.2347119140625,0.3784130859375,6.0881396484375
1742846654.8175037,-0.57240966796875,0.57719970703125,9.7668896484375
1742846654.8176196,-0.4263134765625,0.59156982421875,8.15025146484375
1742846654.8193882,-0.0814306640625,0.2347119140625,6.159990234375
1742846654.9074962,-0.03113525390625,0.7831713867187501,6.20070556640625
1742846654.9075859,-0.31374755859375003,0.71611083984375,7.769443359375001
1742846654.909406,-0.3784130859375,0.488583984375,9.1250244140625
1742846654.9524798,0.18920654296875,0.51732421875,5.84145263671875
1742846654.9975007,0.29937744140625,0.1676513671875,5.64985107421875
1742846654.9975963,0.17962646484375,0.3784130859375,6.5000830078125
1742846654.999381,-0.9532177734375,0.58198974609375,10.938054199218751
1742846655.042449,-0.8095166015625,0.41194335937500004,10.95721435546875
1742846655.0425448,0.55324951171875,0.21555175781250002,6.478527832031251
1742846655.0443513,0.6251000976562501,0.023950195312500002,5.431904296875
1742846655.0444071,0.41912841796875,0.40236328125000004,5.67140625
1742846655.0874424,-0.47900390625,0.32332763671875003,8.76816650390625
1742846655.0875313,-0.74964111328125,0.49576904296875,10.047106933593751
1742846655.0893543,-1.0873388671875,0.77838134765625,11.3092822265625
1742846655.1324408,-0.20357666015625,0.3496728515625,8.765771484375
1742846655.132552,0.12693603515625002,0.43349853515625003,7.37905517578125
1742846655.134336,0.43110351562500004,0.6753955078125,6.3563818359375
1742846655.2224507,0.4071533203125,0.296982421875,6.643784179687501
1742846655.2225602,-0.38559814453125,0.70174072265625,8.751401367187501
1742846655.2243454,-0.88855224609375,0.622705078125,10.315349121093751
1742846655.2244134,-1.1927197265625,0.65384033203125,11.467353515625
1742846655.3124387,0.5700146484375,0.8622070312500001,5.36484375
1742846655.312544,0.6514453125,0.51971923828125,5.74086181640625
1742846655.3574524,0.5125341796875,0.239501953125,6.485712890625
1742846655.3575547,-1.4130615234375001,0.43110351562500004,11.793076171875
1742846655.3593698,0.4454736328125,0.95561279296875,6.38751708984375
1742846655.3594396,0.6849755859375001,0.5843847656250001,4.9385302734375
1742846655.4023817,-0.39996826171875,0.39517822265625,8.93581787109375
1742846655.402493,-0.64905029296875,0.011975097656250001,10.3225341796875
1742846655.4043121,-1.01309326171875,0.162861328125,11.424243164062501
1742846655.4474123,-0.51492919921875,0.45026367187500005,9.395661621093751
1742846655.4475143,0.17962646484375,0.40236328125000004,7.4413256835937505
1742846655.4493253,0.47660888671875,0.641865234375,6.332431640625001
1742846655.4924934,0.3592529296875,0.30177246093750004,6.2462109375
1742846655.4925945,-0.12693603515625002,0.27063720703125,7.84368896484375
1742846655.4944234,-0.6682104492187501,0.5029541015625,9.67827392578125
1742846655.537465,-0.72090087890625,0.19639160156250002,10.969189453125
1742846655.5375686,-0.53887939453125,0.33290771484375004,10.181228027343751
1742846655.5394192,-0.469423828125,0.5604345703125,9.04598876953125
1742846655.5824978,0.6634204101562501,0.3113525390625,5.281018066406251
1742846655.5825858,0.36643798828125,0.46702880859375,5.94683349609375
1742846655.5843847,-0.00239501953125,0.7664062500000001,7.21140380859375
1742846655.6274862,-0.9627978515625001,0.28261230468750004,10.806328125
1742846655.6275928,-1.0202783203125,0.7328759765625,11.103310546875
1742846655.6294236,-0.7879614257812501,0.67060546875,10.58838134765625
1742846655.6724713,0.2442919921875,0.43110351562500004,6.466552734375
1742846655.6725779,0.19639160156250002,0.65384033203125,6.0162890625
1742846655.6743593,0.27542724609375,0.31853759765625,5.7719970703125005
1742846655.7624815,-0.55564453125,0.7472460937500001,9.71180419921875
1742846655.7625852,-0.8214916992187501,0.79275146484375,11.0697802734375
1742846655.7643523,-0.833466796875,0.60114990234375,11.364367675781251
